모델,MAE,RMSE,MAPE,R2,소요시간(분)
PatchTST (1 Year Rolling),27.484349083263258,48.25206687281148,313.86474328359225,0.6767253700809256,0.46
