모델,MAE,RMSE,MAPE,R2,학습시간_분,예측시간_초
PatchTST (ICLR 2023),18.7067807308303,35.54008320848987,289.0568649089978,0.6483225417669267,0.45961264371871946,0.03936123847961426
