모델,방식,MAE,RMSE,MAPE,R2,소요시간(분)
Chronos (T5-Large),1년 Rolling Forecast,26.58624942045417,51.177169839299424,116.515775872333,0.6346820173411811,1.45
