Model,MAE,RMSE,MAPE,R2,Train_Time(min),Predict_Time(sec)
LSTM,18.056393100791507,34.93199892220657,159.90434114951267,0.6602538629084076,0.12343528270721435,0.03238964080810547
